Page, Links
http://einstein.biz/ , http://einstein.biz/ | http://appfinite.com/themes/epik | http://www.studiopress.com/ | http://wordpress.org/ | 
http://www.cosc.canterbury.ac.nz/mukundan/dsal/MSort.html , http://www.cosc.canterbury.ac.nz/people/mukundan/JavaP.html | 
https://www.google.com/ , 
http://appfinite.com/themes/epik , http://appfinite.com/ | http://demo.appfinite.net/epik | 
http://www.studiopress.com/ , http://www.studiopress.com/ | http://my.studiopress.com/themes/ | http://my.studiopress.com/pro-plus/ | http://mashable.com/ | http://my.studiopress.com/help/ | http://my.studiopress.com/guides/ | http://my.studiopress.com/setup/ | 
http://wordpress.org/ , http://codex.wordpress.org/Main_Page | http://jobs.wordpress.net/ | 
http://www.cosc.canterbury.ac.nz/people/mukundan/JavaP.html , 
http://appfinite.com/ , http://appfinite.com/ | 
http://demo.appfinite.net/epik , http://demo.appfinite.net/epik | http://a | http://www.studiopress.com/ | http://wordpress.org/ | 
http://my.studiopress.com/themes/ , http://my.studiopress.com/wp-login.php?redirect_to=http%3A%2F%2Fmy.studiopress.com%2Fdownloads%2F | http://my.studiopress.com/pro-plus/ | http://my.studiopress.com/genesis-design-palette-pro/ | http://www.studiopress.com/ | http://my.studiopress.com/help/ | http://my.studiopress.com/themes/ | http://my.studiopress.com/guides/ | http://my.studiopress.com/setup/ | 
http://my.studiopress.com/pro-plus/ , http://my.studiopress.com/wp-login.php?redirect_to=http%3A%2F%2Fmy.studiopress.com%2Fdownloads%2F | http://my.studiopress.com/checkout/?product_id=15886 | 
http://mashable.com/ , http://shop.mashable.com?utm_source=mashable&amp;utm_medium=nav | http://mashable.com/ | http://mashable.theresumator.com/ | https://play.google.com/store/apps/details?id=com.mashable.android.phoenix | http://findjobs.mashable.com | 
http://my.studiopress.com/help/ , http://my.studiopress.com/wp-login.php?redirect_to=http%3A%2F%2Fmy.studiopress.com%2Fdownloads%2F | http://my.studiopress.com/help/ | http://www.studiopress.com/ | http://my.studiopress.com/themes/ | http://my.studiopress.com/guides/ | http://my.studiopress.com/setup/ | 
http://my.studiopress.com/guides/ , http://my.studiopress.com/wp-login.php?redirect_to=http%3A%2F%2Fmy.studiopress.com%2Fdownloads%2F | http://my.studiopress.com/themes/ | http://my.studiopress.com/wp-login.php | http://www.studiopress.com/ | http://my.studiopress.com/help/ | http://my.studiopress.com/guides/ | http://my.studiopress.com/setup/ | 
http://my.studiopress.com/setup/ , http://my.studiopress.com/wp-login.php?redirect_to=http%3A%2F%2Fmy.studiopress.com%2Fdownloads%2F | http://my.studiopress.com/themes/ | http://my.studiopress.com/setup/ | http://www.studiopress.com/ | http://my.studiopress.com/help/ | http://my.studiopress.com/guides/ | 
http://codex.wordpress.org/Main_Page , http://jobs.wordpress.net/ | 
http://jobs.wordpress.net/ , http://jobs.wordpress.net/ | https://wordpress.org/about/ | https://wordpress.org/news/ | https://wordpress.org/hosting/ | https://wordpress.org/support/ | https://developer.wordpress.org/ | https://make.wordpress.org/ | https://learn.wordpress.org/ | https://wordpress.org/showcase/ | https://wordpress.org/plugins/ | https://wordpress.org/themes/ | https://wordpress.org/ideas/ | https://central.wordcamp.org/ | https://buddypress.org/ | https://bbpress.org/ | http://ma.tt/ | 
http://a , 
http://my.studiopress.com/wp-login.php?redirect_to=http%3A%2F%2Fmy.studiopress.com%2Fdownloads%2F , http://my.studiopress.com/ | 
http://my.studiopress.com/genesis-design-palette-pro/ , http://my.studiopress.com/wp-login.php?redirect_to=http%3A%2F%2Fmy.studiopress.com%2Fdownloads%2F | http://www.studiopress.com/ | http://my.studiopress.com/help/ | http://my.studiopress.com/themes/ | http://my.studiopress.com/guides/ | http://my.studiopress.com/setup/ | 
http://my.studiopress.com/checkout/?product_id=15886 , https://my.studiopress.com/wp-login.php?redirect_to=https%3A%2F%2Fmy.studiopress.com%2Fdownloads%2F | https://my.studiopress.com/?redirect_to=%2Fcheckout%2F%3Fproduct_id%3D15886 | http://www.studiopress.com/ | 
http://shop.mashable.com?utm_source=mashable&amp;utm_medium=nav , https://shop.mashable.com/myaccount.asp | http://mashable.com/ | http://www.3dcart.com | 
http://mashable.theresumator.com/ , 
https://play.google.com/store/apps/details?id=com.mashable.android.phoenix , https://payments.google.com/termsOfService?hl=en_US | https://payments.google.com/legaldocument?family=0.privacynotice&amp;hl=en_US | 
http://findjobs.mashable.com , http://jobs.mashable.com/careers/employer | http://jobs.mashable.com/jobs/user/createEmployer | http://jobs.mashable.com/jobs/search/results | http://jobs.mashable.com/careers/resumes | http://jobs.mashable.com/jobs/user/login | http://jobs.mashable.com/jobs/user/create | https://www.facebook.com/mashable.jobs | https://twitter.com/mashablejobs | http://www.linkedin.com/groups/Fans-Mashable-60043 | http://jobs.mashable.com/careers/jobsearch/saved | http://jobs.mashable.com/jobs/advertising-30425965-b | http://jobs.mashable.com/jobs/design-29049710-b | http://jobs.mashable.com/jobs/journalism-27294431-b | http://jobs.mashable.com/jobs/sales-30322107-b | http://jobs.mashable.com/jobs/social-media-28800948-b | http://jobs.mashable.com/jobs/web-development-27139260-b | http://mashable.com/ | http://jobs.mashable.com | http://www.facebook.com/mashable/ | https://twitter.com/mashable | https://plus.google.com/+Mashable | http://feeds.mashable.com/Mashable | http://pinterest.com/mashable/ | http://www.youtube.com/user/mashable | http://www.stumbleupon.com/channel/Mashable | http://www.linkedin.com/today/mashable.com | 
http://my.studiopress.com/wp-login.php , http://my.studiopress.com/ | 
https://wordpress.org/about/ , http://www.opensource.org/ | https://wordpress.org/showcase/ | http://www.gnu.org/philosophy/free-sw.html | https://codex.wordpress.org/Mailing_Lists | https://wordcamp.org/ | http://php.net | http://mysql.com | http://www.gnu.org/copyleft/gpl.html | http://webstandards.org/ | http://en.wikipedia.org/wiki/WordPress | https://codex.wordpress.org/History | http://dd32.id.au/ | http://markjaquith.com/ | http://ma.tt/ | http://nacin.com/ | http://www.laptoptips.ca/ | http://boren.nu/ | http://www.field2.com/ | http://jenmylo.com/ | http://iammattthomas.com/ | http://blogwaffe.com/ | http://nikolay.bg/ | http://sergeybiryukov.ru/ | http://joncave.co.uk/ | http://dominikschilling.de/ | http://josephscott.org/ | http://a | http://scotty-t.com/ | http://ottodestruct.com/ | http://romanticrobot.net/ | http://www.cameraontheroad.com/ | http://robinadr.com/ | http://dougal.gunters.org/ | http://ocaoimh.ie/ | http://xmouse.ithium.net/ | http://www.alexking.org/blog/ | http://blog.ftwr.co.uk/ | http://www.asymptomatic.net/ | http://binarybonsai.com/ | http://meidell.dk/ | http://mpt.net.nz/ | http://movabletype.org/ | http://drupal.org/ | http://textpattern.com/ | http://jobs.wordpress.net/ | 
https://wordpress.org/news/ , https://profiles.wordpress.org/mikeschroder | https://wordpress.org/news/ | https://core.trac.wordpress.org/log/trunk?action=stop_on_copy&amp;mode=stop_on_copy&amp;rev=37077&amp;stop_rev=37026&amp;limit=120&amp;verbose=on | https://core.trac.wordpress.org/report/5 | https://wordpress.org/plugins/ | https://wordpress.org/wordpress-4.5-RC1.zip | https://make.wordpress.org/ | https://wordpress.org/wordpress-4.5-beta4.zip | https://core.trac.wordpress.org/log/?action=stop_on_copy&amp;mode=stop_on_copy&amp;rev=37025&amp;stop_rev=36932&amp;limit=200&amp;verbose=on | https://wordpress.org/wordpress-4.5-beta3.zip | https://core.trac.wordpress.org/log/?action=stop_on_copy&amp;mode=stop_on_copy&amp;rev=36931&amp;stop_rev=36814&amp;limit=200&amp;verbose=on | https://wordpress.org/wordpress-4.5-beta2.zip | https://core.trac.wordpress.org/changeset/36797 | https://core.trac.wordpress.org/log/?action=stop_on_copy&amp;mode=stop_on_copy&amp;rev=36813&amp;stop_rev=36701&amp;limit=200&amp;verbose=on | https://profiles.wordpress.org/jenmylo | https://wordpress.org/wordpress-4.5-beta1.zip | https://core.trac.wordpress.org/query?status=closed&amp;resolution=fixed&amp;milestone=4.5&amp;group=component&amp;order=priority | http://wordcamp.org | http://wordpressdotorg.polldaddy.com/s/wordcamp-incubator-application | https://profiles.wordpress.org/samuelsidler | https://www.linkedin.com/in/ronni-skansing-36143b65 | https://twitter.com/shailesh4594 | https://codex.wordpress.org/Version_4.4.2 | https://core.trac.wordpress.org/query?milestone=4.4.2 | https://profiles.wordpress.org/afercia | https://profiles.wordpress.org/berengerzyla | https://profiles.wordpress.org/boonebgorges | https://profiles.wordpress.org/chandrapatel | https://profiles.wordpress.org/chriscct7 | https://profiles.wordpress.org/dd32 | https://profiles.wordpress.org/ocean90 | https://profiles.wordpress.org/firebird75 | https://profiles.wordpress.org/ivankristianto | https://profiles.wordpress.org/salvoaranzulla | http://www.meetup.com/pro/wordpress/ | https://wordpress.org/support | https://profiles.wordpress.org/jorbin | https://hackerone.com/crtc4l | https://codex.wordpress.org/Version_4.4.1 | https://core.trac.wordpress.org/query?milestone=4.4.1 | https://profiles.wordpress.org/nacin | https://profiles.wordpress.org/azaozz | https://profiles.wordpress.org/Compute | https://profiles.wordpress.org/DvanKooten | https://profiles.wordpress.org/dossy | https://profiles.wordpress.org/eherman24 | https://profiles.wordpress.org/pento | https://profiles.wordpress.org/gblsm | https://profiles.wordpress.org/hnle | https://profiles.wordpress.org/igmoweb | https://profiles.wordpress.org/jadpm | https://profiles.wordpress.org/jeffpyebrookcom/ | https://profiles.wordpress.org/joemcgill | https://profiles.wordpress.org/johnbillion | https://profiles.wordpress.org/JPr | https://profiles.wordpress.org/obenland | https://profiles.wordpress.org/KrissieV | https://profiles.wordpress.org/tyxla | https://profiles.wordpress.org/wp-architect | https://profiles.wordpress.org/meitar | https://profiles.wordpress.org/swissspidy | https://profiles.wordpress.org/peterwilsoncc | https://profiles.wordpress.org/rogerhub | https://profiles.wordpress.org/rmccue | https://profiles.wordpress.org/salcode | https://profiles.wordpress.org/wonderboymusic | https://profiles.wordpress.org/scottbrownconsulting | https://profiles.wordpress.org/SergeyBiryukov | https://profiles.wordpress.org/ShinichiN | https://profiles.wordpress.org/smerriman | https://profiles.wordpress.org/netweb | https://profiles.wordpress.org/stephenharris | https://profiles.wordpress.org/tharsheblows | https://profiles.wordpress.org/voldemortensen | https://profiles.wordpress.org/webaware | http://planet.wordpress.org/ | https://core.trac.wordpress.org/timeline | http://jobs.wordpress.net/ | 
https://wordpress.org/hosting/ , https://wordpress.org/about/ | http://mcm.polldaddy.com/s/2016-wordpress-hosting-survey | http://jobs.wordpress.net/ | 
https://wordpress.org/support/ , http://wordpress.org/ | https://wordpress.org/support/ | http://jobs.wordpress.net/ | 
https://developer.wordpress.org/ , https://developer.wordpress.org/ | https://make.wordpress.org/ | https://wordpress.org/support/ | http://jobs.wordpress.net/ | 
https://make.wordpress.org/ , https://make.wordpress.org | http://make.wordpress.org/core/ | http://make.wordpress.org/design/ | http://make.wordpress.org/mobile/ | http://make.wordpress.org/accessibility/ | http://make.wordpress.org/polyglots/ | http://make.wordpress.org/support/ | http://make.wordpress.org/docs/ | http://make.wordpress.org/themes/ | http://make.wordpress.org/plugins/ | http://make.wordpress.org/community/ | http://make.wordpress.org/meta/ | http://make.wordpress.org/training/ | http://make.wordpress.org/flow/ | http://make.wordpress.org/tv/ | http://jobs.wordpress.net/ | 
https://learn.wordpress.org/ , https://learn.wordpress.org/ | http://learn.wordpress.org/ | http://jobs.wordpress.net/ | 
https://wordpress.org/showcase/ , https://wordpress.org/showcase/ | http://jobs.wordpress.net/ | 
https://wordpress.org/plugins/ , https://wordpress.org/support/ | https://wordpress.org/plugins/ | http://jobs.wordpress.net/ | 
https://wordpress.org/themes/ , https://wordpress.org/themes/ | http://jobs.wordpress.net/ | 
https://wordpress.org/ideas/ , https://wordpress.org/ideas/ | http://jobs.wordpress.net/ | 
https://central.wordcamp.org/ , 
https://buddypress.org/ , https://buddypress.org/ | https://codex.buddypress.org/ | https://ma.tt | https://twitter.com/buddypressdev | 
https://bbpress.org/ , https://bbpress.org/ | https://ma.tt | https://twitter.com/bbpress | https://wordpress.org/about/ | 
http://ma.tt/ , http://ma.tt/ | https://ma.tt | https://twitter.com/chamath | http://roseinmidair.com/ | http://www.amazon.com/gp/product/B000BX47X2 | http://www.amazon.com/gp/product/B0142A96G2 | http://www.apple.com/shop/product/MLA02LL/A/magic-mouse-2 | http://www.muji.us/store/stationery/notebooks.html | http://www.amazon.com/gp/product/B00T7BK9PY | https://www.honest.com/bath-and-body/honest-organic-lip-balm-trio | http://www.aesop.com/usa/skin-care/lip/rosehip-seed-lip-cream.html | http://www.aesop.com/usa/skin-care/lip/avail-lip-balm.html | http://www.amazon.com/Aveda-Blue-Oil-0-24-oz/dp/B0031KN9UE | http://www.amazon.com/Apple-Thunderbolt-Cable-0-5-Meter-MD862LL/dp/B00WVDGZM6/ | http://www.amazon.com/gp/product/B00D4LBOV6 | http://www.amazon.com/Belkin-Car-Vent-Mount-Smartphones/dp/B00O5JARCI/ | http://www.amazon.com/dp/B010Q588D4/ | http://www.dxo.com/us/dxo-one | http://www.getolympus.com/us/en/air-a01.html | http://www.amazon.com/gp/product/B019IFIJW8 | http://www.amazon.com/High-Resolution-Display-Adaptive-PagePress-Sensors/dp/B00IOY8XWQ | http://www.amazon.com/Limited-Edition-Premium-Leather-Origami/dp/B00NO84J0W | http://en-us.sennheiser.com/momentum-wireless-headphones-with-mic | https://automattic.com/ | https://www.cotopaxi.com/products/waterbottle-white?variant=8128462529 | https://sas.summit.co/ | http://www.amazon.com/dp/B00IYA2ZJW/ | http://www.amazon.com/gp/product/B00E9W11QM | https://www.google.com/ | http://www.amazon.com/gp/product/B00VGDQRAW | https://about.me/tonyconrad | http://wapuu.jp/ | https://slack.com/ | http://www.amazon.com/Blinks-Ultralight-Comfortable-Contoured-Blindfold/dp/B000WNX21Y/ | http://www.elysiumhealth.com/ | https://www.fitbit.com/chargehr | http://www.muji.us/store/pen-pencils.html | http://www.westoneaudio.com/index.php/products/hearing-protection/es49-custom-hearing-protection.html | https://fi.google.com/ | https://changelog.com/197/ | https://wordpress.org/ | http://wordpress.org/ | 
http://my.studiopress.com/ , http://my.studiopress.com/wp-login.php?redirect_to=http%3A%2F%2Fmy.studiopress.com%2Fdownloads%2F | http://my.studiopress.com/themes/ | http://my.studiopress.com/wp-login.php | http://www.studiopress.com/ | http://my.studiopress.com/help/ | http://my.studiopress.com/guides/ | http://my.studiopress.com/setup/ | 
https://my.studiopress.com/wp-login.php?redirect_to=https%3A%2F%2Fmy.studiopress.com%2Fdownloads%2F , http://my.studiopress.com/ | 
https://my.studiopress.com/?redirect_to=%2Fcheckout%2F%3Fproduct_id%3D15886 , https://my.studiopress.com/wp-login.php?redirect_to=https%3A%2F%2Fmy.studiopress.com%2Fdownloads%2F | http://my.studiopress.com/themes/ | http://my.studiopress.com/wp-login.php | http://www.studiopress.com/ | https://my.studiopress.com/help/ | https://my.studiopress.com/guides/ | http://my.studiopress.com/setup/ | 
https://shop.mashable.com/myaccount.asp , 
http://www.3dcart.com , http://a | http://www.3dcart.com | https://www.3dcart.com/order.asp?pkgID=1&amp;c= | https://www.3dcart.com/order_form.asp?planSelected=3&c= | https://www.3dcart.com/order_form.asp?planSelected=6&c= | https://www.3dcart.com/order_form.asp | http://forums.3dcart.com/ | http://support.3dcart.com/ | 
https://payments.google.com/termsOfService?hl=en_US , https://support.google.com/payments/answer/75724 | http://checkout.google.com/files/privacy.html | http://checkout.google.com/support/bin/request.py | http://checkout.google.com/support/ | 
https://payments.google.com/legaldocument?family=0.privacynotice&amp;hl=en_US , http://www.google.com/policies/privacy/ | https://payments.google.com/s/?page=privacySettings#privacySettings: | http://www.google.com/ | http://payments.google.com/files/privacy/archive/index.html | 
http://jobs.mashable.com/careers/employer , http://jobs.mashable.com/careers/employer | http://jobs.mashable.com/jobs/user/createEmployer | http://findjobs.mashable.com | http://jobs.mashable.com/jobs/search/results | http://jobs.mashable.com/careers/resumes | http://jobs.mashable.com/jobs/user/login | http://jobs.mashable.com/jobs/user/create | http://jobs.mashable.com/careers/jobsearch/saved | http://jobs.mashable.com/jobs/advertising-30425965-b | http://jobs.mashable.com/jobs/design-29049710-b | http://jobs.mashable.com/jobs/journalism-27294431-b | http://jobs.mashable.com/jobs/sales-30322107-b | http://jobs.mashable.com/jobs/social-media-28800948-b | http://jobs.mashable.com/jobs/web-development-27139260-b | https://www.facebook.com/mashable.jobs | https://twitter.com/mashablejobs | http://www.linkedin.com/groups/Fans-Mashable-60043 | http://mashable.com/ | http://jobs.mashable.com | http://www.facebook.com/mashable/ | https://twitter.com/mashable | https://plus.google.com/+Mashable | http://feeds.mashable.com/Mashable | http://pinterest.com/mashable/ | http://www.youtube.com/user/mashable | http://www.stumbleupon.com/channel/Mashable | http://www.linkedin.com/today/mashable.com | 
http://jobs.mashable.com/jobs/user/createEmployer , http://jobs.mashable.com/careers/employer | http://jobs.mashable.com/jobs/user/createEmployer | http://findjobs.mashable.com | http://jobs.mashable.com/jobs/search/results | http://jobs.mashable.com/careers/resumes | http://jobs.mashable.com/jobs/user/login | http://jobs.mashable.com/jobs/user/create | http://jobs.mashable.com/careers/jobsearch/saved | http://jobs.mashable.com/jobs/advertising-30425965-b | http://jobs.mashable.com/jobs/design-29049710-b | http://jobs.mashable.com/jobs/journalism-27294431-b | http://jobs.mashable.com/jobs/sales-30322107-b | http://jobs.mashable.com/jobs/social-media-28800948-b | http://jobs.mashable.com/jobs/web-development-27139260-b | https://www.facebook.com/mashable.jobs | https://twitter.com/mashablejobs | http://www.linkedin.com/groups/Fans-Mashable-60043 | http://mashable.com/ | http://jobs.mashable.com | http://www.facebook.com/mashable/ | https://twitter.com/mashable | https://plus.google.com/+Mashable | http://feeds.mashable.com/Mashable | http://pinterest.com/mashable/ | http://www.youtube.com/user/mashable | http://www.stumbleupon.com/channel/Mashable | http://www.linkedin.com/today/mashable.com | 
http://jobs.mashable.com/jobs/search/results , http://jobs.mashable.com/careers/employer | http://jobs.mashable.com/jobs/user/createEmployer | http://findjobs.mashable.com | http://jobs.mashable.com/jobs/search/results | http://jobs.mashable.com/careers/resumes | http://jobs.mashable.com/jobs/user/login | http://jobs.mashable.com/jobs/user/create | http://jobs.mashable.com/careers/jobsearch/saved | http://jobs.mashable.com/jobs/advertising-30425965-b | http://jobs.mashable.com/jobs/design-29049710-b | http://jobs.mashable.com/jobs/journalism-27294431-b | http://jobs.mashable.com/jobs/sales-30322107-b | http://jobs.mashable.com/jobs/social-media-28800948-b | http://jobs.mashable.com/jobs/web-development-27139260-b | https://www.facebook.com/mashable.jobs | https://twitter.com/mashablejobs | http://www.linkedin.com/groups/Fans-Mashable-60043 | http://mashable.com/ | http://jobs.mashable.com | http://www.facebook.com/mashable/ | https://twitter.com/mashable | https://plus.google.com/+Mashable | http://feeds.mashable.com/Mashable | http://pinterest.com/mashable/ | http://www.youtube.com/user/mashable | http://www.stumbleupon.com/channel/Mashable | http://www.linkedin.com/today/mashable.com | 
http://jobs.mashable.com/careers/resumes , http://jobs.mashable.com/careers/employer | http://jobs.mashable.com/jobs/user/createEmployer | http://findjobs.mashable.com | http://jobs.mashable.com/jobs/search/results | http://jobs.mashable.com/careers/resumes | http://jobs.mashable.com/jobs/user/login | http://jobs.mashable.com/jobs/user/create | http://jobs.mashable.com/careers/jobsearch/saved | http://jobs.mashable.com/jobs/advertising-30425965-b | http://jobs.mashable.com/jobs/design-29049710-b | http://jobs.mashable.com/jobs/journalism-27294431-b | http://jobs.mashable.com/jobs/sales-30322107-b | http://jobs.mashable.com/jobs/social-media-28800948-b | http://jobs.mashable.com/jobs/web-development-27139260-b | https://www.facebook.com/mashable.jobs | https://twitter.com/mashablejobs | http://www.linkedin.com/groups/Fans-Mashable-60043 | http://mashable.com/ | http://jobs.mashable.com | http://www.facebook.com/mashable/ | https://twitter.com/mashable | https://plus.google.com/+Mashable | http://feeds.mashable.com/Mashable | http://pinterest.com/mashable/ | http://www.youtube.com/user/mashable | http://www.stumbleupon.com/channel/Mashable | http://www.linkedin.com/today/mashable.com | 
http://jobs.mashable.com/jobs/user/login , http://jobs.mashable.com/careers/employer | http://jobs.mashable.com/jobs/user/createEmployer | http://findjobs.mashable.com | http://jobs.mashable.com/jobs/search/results | http://jobs.mashable.com/careers/resumes | http://jobs.mashable.com/jobs/user/login | http://jobs.mashable.com/jobs/user/create | http://jobs.mashable.com/careers/jobsearch/saved | http://jobs.mashable.com/jobs/advertising-30425965-b | http://jobs.mashable.com/jobs/design-29049710-b | http://jobs.mashable.com/jobs/journalism-27294431-b | http://jobs.mashable.com/jobs/sales-30322107-b | http://jobs.mashable.com/jobs/social-media-28800948-b | http://jobs.mashable.com/jobs/web-development-27139260-b | https://www.facebook.com/mashable.jobs | https://twitter.com/mashablejobs | http://www.linkedin.com/groups/Fans-Mashable-60043 | http://mashable.com/ | http://jobs.mashable.com | http://www.facebook.com/mashable/ | https://twitter.com/mashable | https://plus.google.com/+Mashable | http://feeds.mashable.com/Mashable | http://pinterest.com/mashable/ | http://www.youtube.com/user/mashable | http://www.stumbleupon.com/channel/Mashable | http://www.linkedin.com/today/mashable.com | 
http://jobs.mashable.com/jobs/user/create , http://jobs.mashable.com/careers/employer | http://jobs.mashable.com/jobs/user/createEmployer | http://findjobs.mashable.com | http://jobs.mashable.com/jobs/search/results | http://jobs.mashable.com/careers/resumes | http://jobs.mashable.com/jobs/user/login | http://jobs.mashable.com/jobs/user/create | http://jobs.mashable.com/careers/jobsearch/saved | http://jobs.mashable.com/jobs/advertising-30425965-b | http://jobs.mashable.com/jobs/design-29049710-b | http://jobs.mashable.com/jobs/journalism-27294431-b | http://jobs.mashable.com/jobs/sales-30322107-b | http://jobs.mashable.com/jobs/social-media-28800948-b | http://jobs.mashable.com/jobs/web-development-27139260-b | https://www.facebook.com/mashable.jobs | https://twitter.com/mashablejobs | http://www.linkedin.com/groups/Fans-Mashable-60043 | http://mashable.com/ | http://jobs.mashable.com | http://www.facebook.com/mashable/ | https://twitter.com/mashable | https://plus.google.com/+Mashable | http://feeds.mashable.com/Mashable | http://pinterest.com/mashable/ | http://www.youtube.com/user/mashable | http://www.stumbleupon.com/channel/Mashable | http://www.linkedin.com/today/mashable.com | 
https://www.facebook.com/mashable.jobs , https://www.facebook.com/r.php?fbpage_id=339992977201&amp;r=111 | https://www.facebook.com/people/Hasan-Erdem/100011380000053 | https://www.facebook.com/privacy/explanation | https://www.facebook.com/policies?ref=pf | https://www.facebook.com/help/cookies?ref_type=sitefooter | https://www.facebook.com/campaign/landing.php?placement=pf_rhc_more&amp;campaign_id=136808916455473&amp;extra_1=auto | http://l.facebook.com/l.php?u=http%3A%2F%2Fon.mash.to%2F1H0HrEQ&amp;h=cAQHwvAb7&amp;enc=AZMEe0pHy0EnGUuGmdtcgUaivWLdVO9TAQ6aB1-Jix7zDN00VD5vAeUESlq8St_h2k8RU7OOcP-ovKBPIl3YjewcJyYfC3mcu9qV6ttHsf6EMHOFesfyIuHqHOuVz6QuSsdrJ6i1DUYQDpaCLs_aprPVrFnqrmGisaNL0V-7UPMz1FH6UnR0vXuuyuHN86IymMTc1il0Izqa18Nwnqt20h_M&amp;s=1 | http://l.facebook.com/l.php?u=http%3A%2F%2Fon.mash.to%2F1PG90o5&amp;h=HAQEv8owh&amp;enc=AZOfzIYCzDvPGQ3SCoRTN3V6HIYTJuNk-OsV8gxT36bj8yxNzyr_-HN4_c-xkNVh873llBGqa5pB_aZIVDfOA2_B_6NGspylCn68dFFkjmwkK6AEm-Et8rUwCNRsjuCOQkACCQQR4SYKU-K5q0hS6JxiSOWkFTieyPQo6FZaaN_UTwtnou2LeZ3aPw0lbUdmAM6rs_Ays9lbxcX2x6R0RUkP&amp;s=1 | http://l.facebook.com/l.php?u=http%3A%2F%2Fon.mash.to%2F216bEsJ&amp;h=2AQFdhxvk&amp;enc=AZO0ZH8QWADlm2sOgK2JQo2Ridt2NzAzoDJS5vG5LxOjcLpDn2SnPZjNgvmmpXhTCFTm9q3bNcxC3ZmSOwvK5DhcIKjQD1OB3WTGkxRosJfc1IMh9OA6jOtmPxBeeryqJBgvFz_pdpRf7rXz_R_4I8W6LZOrEMNvtIhVOUt5dTkDoMjyl23LkQvbcQjl0AzWCBJ1HyNlFgDa5Ueig11tFzUk&amp;s=1 | 
https://twitter.com/mashablejobs , http://support.twitter.com/forums/26810/entries/78525 | 
http://www.linkedin.com/groups/Fans-Mashable-60043 , 
http://jobs.mashable.com/careers/jobsearch/saved , http://jobs.mashable.com/careers/employer | http://jobs.mashable.com/jobs/user/createEmployer | http://findjobs.mashable.com | http://jobs.mashable.com/jobs/search/results | http://jobs.mashable.com/careers/resumes | http://jobs.mashable.com/jobs/user/login | http://jobs.mashable.com/jobs/user/create | http://jobs.mashable.com/careers/jobsearch/saved | http://jobs.mashable.com/jobs/advertising-30425965-b | http://jobs.mashable.com/jobs/design-29049710-b | http://jobs.mashable.com/jobs/journalism-27294431-b | http://jobs.mashable.com/jobs/sales-30322107-b | http://jobs.mashable.com/jobs/social-media-28800948-b | http://jobs.mashable.com/jobs/web-development-27139260-b | https://www.facebook.com/mashable.jobs | https://twitter.com/mashablejobs | http://www.linkedin.com/groups/Fans-Mashable-60043 | http://mashable.com/ | http://jobs.mashable.com | http://www.facebook.com/mashable/ | https://twitter.com/mashable | https://plus.google.com/+Mashable | http://feeds.mashable.com/Mashable | http://pinterest.com/mashable/ | http://www.youtube.com/user/mashable | http://www.stumbleupon.com/channel/Mashable | http://www.linkedin.com/today/mashable.com | 
http://jobs.mashable.com/jobs/advertising-30425965-b , http://jobs.mashable.com/careers/employer | http://jobs.mashable.com/jobs/user/createEmployer | http://findjobs.mashable.com | http://jobs.mashable.com/jobs/search/results | http://jobs.mashable.com/careers/resumes | http://jobs.mashable.com/jobs/user/login | http://jobs.mashable.com/jobs/user/create | http://jobs.mashable.com | https://www.facebook.com/mashable.jobs | https://twitter.com/mashablejobs | http://www.linkedin.com/groups/Fans-Mashable-60043 | http://mashable.com/ | http://www.facebook.com/mashable/ | https://twitter.com/mashable | https://plus.google.com/+Mashable | http://feeds.mashable.com/Mashable | http://pinterest.com/mashable/ | http://www.youtube.com/user/mashable | http://www.stumbleupon.com/channel/Mashable | http://www.linkedin.com/today/mashable.com | 
http://jobs.mashable.com/jobs/design-29049710-b , http://jobs.mashable.com/careers/employer | http://jobs.mashable.com/jobs/user/createEmployer | http://findjobs.mashable.com | http://jobs.mashable.com/jobs/search/results | http://jobs.mashable.com/careers/resumes | http://jobs.mashable.com/jobs/user/login | http://jobs.mashable.com/jobs/user/create | http://jobs.mashable.com | https://www.facebook.com/mashable.jobs | https://twitter.com/mashablejobs | http://www.linkedin.com/groups/Fans-Mashable-60043 | http://mashable.com/ | http://www.facebook.com/mashable/ | https://twitter.com/mashable | https://plus.google.com/+Mashable | http://feeds.mashable.com/Mashable | http://pinterest.com/mashable/ | http://www.youtube.com/user/mashable | http://www.stumbleupon.com/channel/Mashable | http://www.linkedin.com/today/mashable.com | 
http://jobs.mashable.com/jobs/journalism-27294431-b , http://jobs.mashable.com/careers/employer | http://jobs.mashable.com/jobs/user/createEmployer | http://findjobs.mashable.com | http://jobs.mashable.com/jobs/search/results | http://jobs.mashable.com/careers/resumes | http://jobs.mashable.com/jobs/user/login | http://jobs.mashable.com/jobs/user/create | http://jobs.mashable.com | https://www.facebook.com/mashable.jobs | https://twitter.com/mashablejobs | http://www.linkedin.com/groups/Fans-Mashable-60043 | http://mashable.com/ | http://www.facebook.com/mashable/ | https://twitter.com/mashable | https://plus.google.com/+Mashable | http://feeds.mashable.com/Mashable | http://pinterest.com/mashable/ | http://www.youtube.com/user/mashable | http://www.stumbleupon.com/channel/Mashable | http://www.linkedin.com/today/mashable.com | 
http://jobs.mashable.com/jobs/sales-30322107-b , http://jobs.mashable.com/careers/employer | http://jobs.mashable.com/jobs/user/createEmployer | http://findjobs.mashable.com | http://jobs.mashable.com/jobs/search/results | http://jobs.mashable.com/careers/resumes | http://jobs.mashable.com/jobs/user/login | http://jobs.mashable.com/jobs/user/create | http://jobs.mashable.com | https://www.facebook.com/mashable.jobs | https://twitter.com/mashablejobs | http://www.linkedin.com/groups/Fans-Mashable-60043 | http://mashable.com/ | http://www.facebook.com/mashable/ | https://twitter.com/mashable | https://plus.google.com/+Mashable | http://feeds.mashable.com/Mashable | http://pinterest.com/mashable/ | http://www.youtube.com/user/mashable | http://www.stumbleupon.com/channel/Mashable | http://www.linkedin.com/today/mashable.com | 
http://jobs.mashable.com/jobs/social-media-28800948-b , http://jobs.mashable.com/careers/employer | http://jobs.mashable.com/jobs/user/createEmployer | http://findjobs.mashable.com | http://jobs.mashable.com/jobs/search/results | http://jobs.mashable.com/careers/resumes | http://jobs.mashable.com/jobs/user/login | http://jobs.mashable.com/jobs/user/create | http://jobs.mashable.com | https://www.facebook.com/mashable.jobs | https://twitter.com/mashablejobs | http://www.linkedin.com/groups/Fans-Mashable-60043 | http://mashable.com/ | http://www.facebook.com/mashable/ | https://twitter.com/mashable | https://plus.google.com/+Mashable | http://feeds.mashable.com/Mashable | http://pinterest.com/mashable/ | http://www.youtube.com/user/mashable | http://www.stumbleupon.com/channel/Mashable | http://www.linkedin.com/today/mashable.com | 
http://jobs.mashable.com/jobs/web-development-27139260-b , http://jobs.mashable.com/careers/employer | http://jobs.mashable.com/jobs/user/createEmployer | http://findjobs.mashable.com | http://jobs.mashable.com/jobs/search/results | http://jobs.mashable.com/careers/resumes | http://jobs.mashable.com/jobs/user/login | http://jobs.mashable.com/jobs/user/create | http://jobs.mashable.com | https://www.facebook.com/mashable.jobs | https://twitter.com/mashablejobs | http://www.linkedin.com/groups/Fans-Mashable-60043 | http://mashable.com/ | http://www.facebook.com/mashable/ | https://twitter.com/mashable | https://plus.google.com/+Mashable | http://feeds.mashable.com/Mashable | http://pinterest.com/mashable/ | http://www.youtube.com/user/mashable | http://www.stumbleupon.com/channel/Mashable | http://www.linkedin.com/today/mashable.com | 
http://jobs.mashable.com , http://jobs.mashable.com/careers/employer | http://jobs.mashable.com/jobs/user/createEmployer | http://findjobs.mashable.com | http://jobs.mashable.com/jobs/search/results | http://jobs.mashable.com/careers/resumes | http://jobs.mashable.com/jobs/user/login | http://jobs.mashable.com/jobs/user/create | http://jobs.mashable.com/careers/jobsearch/saved | http://jobs.mashable.com/jobs/advertising-30425965-b | http://jobs.mashable.com/jobs/design-29049710-b | http://jobs.mashable.com/jobs/journalism-27294431-b | http://jobs.mashable.com/jobs/sales-30322107-b | http://jobs.mashable.com/jobs/social-media-28800948-b | http://jobs.mashable.com/jobs/web-development-27139260-b | https://www.facebook.com/mashable.jobs | https://twitter.com/mashablejobs | http://www.linkedin.com/groups/Fans-Mashable-60043 | http://mashable.com/ | http://jobs.mashable.com | http://www.facebook.com/mashable/ | https://twitter.com/mashable | https://plus.google.com/+Mashable | http://feeds.mashable.com/Mashable | http://pinterest.com/mashable/ | http://www.youtube.com/user/mashable | http://www.stumbleupon.com/channel/Mashable | http://www.linkedin.com/today/mashable.com | 
http://www.facebook.com/mashable/ , https://www.facebook.com/privacy/explanation | https://www.facebook.com/policies?ref=pf | https://www.facebook.com/help/cookies?ref_type=sitefooter | https://www.facebook.com/campaign/landing.php?placement=pf_rhc_more&amp;campaign_id=136808916455473&amp;extra_1=auto | https://www.facebook.com/mashable/?fref=nf | http://l.facebook.com/l.php?u=http%3A%2F%2Fon.mash.to%2F22OkBqu&amp;h=jAQHzjq-v&amp;enc=AZNqMbgaswtCCI5Z0IH1dvvBeRlI6BLcu_0MDGPor89-xD9azyxFvZFGpngU1E0eq7EV_XB7uVS9ki5Hne0kL3xzFfqhtM_lmv2SYNa4w19Qkcut-vLlV9OV4SNZbt_l__kfkAlWgPZRuT2uNOL6gc3cltVp5MLK0r6Z797wK3nE8oU-PRltdCwDZ-xudELSMXtrpxNHbhW3_dgjtAPD9kq8&amp;s=1 | 
https://twitter.com/mashable , http://support.twitter.com/forums/26810/entries/78525 | 
https://plus.google.com/+Mashable , https://www.google.com/ | 
http://feeds.mashable.com/Mashable , http://mashable.com/ | http://nieuws.vtm.be/binnenland/184363-jambon-geen-herdenking-morgen | http://www.bbc.co.uk/news/uk-england-london-35901508 | http://www.9news.com.au/entertainment/2016/03/26/18/47/hugh-jackman-rescues-son-and-others-from-rip-at-bondi | http://www.confectionalism.com/home/coconut-lavender-lemonade-recipe/ | http://boom.aero/about/ | http://www.theguardian.com/business/2016/mar/23/boom-supersonic-jet-travel-affordable-business-class | https://splice.com/ | http://www.burningglassconsulting.com/about/ | https://www.facebook.com/thedudolf/timeline | https://www.facebook.com/thedudolf/photos/a.479677258800858.1073741834.380909998677585/762616077173640/?type=3&amp;theater | 
http://pinterest.com/mashable/ , 
http://www.youtube.com/user/mashable , https://www.google.com/ | 
http://www.stumbleupon.com/channel/Mashable , 
http://www.linkedin.com/today/mashable.com , https://www.linkedin.com/pulse/linkedin-student-publishing-site-launched-maya-pope-chappell | http://trends.collegeboard.org/college-pricing | http://linkedin.us12.list-manage1.com/track/click?u=49d7c0ab68d7a2063bd20b0ee&amp;id=4e83765e46&amp;e=5dbe00b4fd | https://www.linkedin.com/pulse/channel/education | https://www.linkedin.com/pulse/reading-between-lines-governments-federal-student-loan-carlo-salerno?trk=hp-feed-article-title-publish | https://www.linkedin.com/pulse/trump-trade-community-colleges-michael-meotti | https://www.linkedin.com/pulse/day-we-sold-education-karthik-sundaram | https://www.washingtonpost.com/local/education/teach-for-america-to-cut-national-staff-by-15-percent/2016/03/21/16ff4082-efbe-11e5-85a6-2132cf446d0a_story.html | http://www.theatlantic.com/education/archive/2016/03/teach-for-america-to-scrap-diversity-office/474735/ | http://www.nytimes.com/2016/03/25/business/dealbook/law-graduate-who-sued-her-school-loses-at-trial.html?rref=collection%2Fsectioncollection%2Feducation&amp;action=click&amp;contentCollection=education&amp;region=stream&amp;module=stream_unit&amp;version=latest&amp;contentPlacement=1&amp;pgtype=sectionfront&amp;_r=0 | https://www.linkedin.com/pulse/walmartization-public-schools-nyus-costly-rankings-maya-pope-chappell | http://linkedin.us12.list-manage.com/subscribe?u=49d7c0ab68d7a2063bd20b0ee&amp;id=68a5834659 | http://www.linkedin.com/pulse/channel/millennials | http://www.linkedin.com/pulse/channel/education | http://www.linkedin.com/redir/redirect?url=http%3A%2F%2Fpress%2Elinkedin%2Ecom%2F&amp;urlhash=UMoC | http://www.linkedin.com/redir/redirect?url=http%3A%2F%2Fblog%2Elinkedin%2Ecom%2F&amp;urlhash=ULil | http://www.linkedin.com/redir/redirect?url=http%3A%2F%2Fdeveloper%2Elinkedin%2Ecom&amp;urlhash=EFv_ | http://www.linkedin.com/company/linkedin/careers?trk=hb_ft_work | http://www.linkedin.com/advertising?src=en-all-el-li-hb_ft_ads&amp;trk=hb_ft_ads | http://www.linkedin.com/redir/redirect?url=http%3A%2F%2Fbusiness%2Elinkedin%2Ecom%2Ftalent-solutions%3Fsrc%3Dli-footer%26veh%3D%26trk%3Dhb_ft_talent&amp;urlhash=cn_U | http://www.linkedin.com/redir/redirect?url=http%3A%2F%2Fbusiness%2Elinkedin%2Ecom%2Fsales-solutions%3Fsrc%3Dli-footer%26trk%3Dlss_linkedin_footer_link2micro%26utm_source%3Dfooter%26utm_medium%3Dlinkedin%26utm_campaign%3Dlinkedin-footer&amp;urlhash=_ibI | http://www.linkedin.com/redir/redirect?url=http%3A%2F%2Fsmallbusiness%2Elinkedin%2Ecom%2F%3Ftrk%3Dlnkd_footer%26utm_source%3Dlinkedin%26utm_medium%3Dfooter%26utm_content%3D%26utm_campaign%3Dlifooter&amp;urlhash=zrGO | http://www.linkedin.com/mobile?trk=hb_ft_mobile | http://www.linkedin.com/redir/redirect?url=http%3A%2F%2Fwww%2Eslideshare%2Enet&amp;urlhash=nLLC | http://www.linkedin.com/in/updates?trk=hb_ft_liup | http://www.linkedin.com/today/post/whoToFollow?trk=hb_ft_influencers | http://www.linkedin.com/job/?trk=hb_ft_jobs | https://www.linkedin.com/jobs2/directory/?trk=hb_ft_jobs2_dir | http://www.linkedin.com/directory/pulse/?trk=hb_ft_pulse_dir | http://www.linkedin.com/directory/companies/?trk=hb_ft_companies_dir | http://www.linkedin.com/directory/groups/?trk=hb_ft_groups_dir | http://www.linkedin.com/directory/universities/?trk=hb_ft_universities_dir | http://www.linkedin.com/directory/title/?trk=hb_ft_title_dir | http://www.linkedin.com/legal/user-agreement?trk=hb_ft_userag | http://www.linkedin.com/legal/privacy-policy?trk=hb_ft_priv | https://linkedin.com/help/linkedin/answer/34593?trk=pulse-top-news_play | http://www.linkedin.com/legal/cookie-policy?trk=hb_ft_cookie | http://www.linkedin.com/legal/copyright-policy?trk=hb_ft_copy | 
http://www.opensource.org/ , http://wiki.opensource.org | http://conferences.oreilly.com/oscon/open-source-us | http://www.communityleadershipsummit.com/ | 
http://www.gnu.org/philosophy/free-sw.html , http://www.fsf.org/fss | http://donate.fsf.org | http://www.fsf.org/licensing | http://wikipedia.org | https://h-node.org/ | http://www.fsf.org | 
https://codex.wordpress.org/Mailing_Lists , http://jobs.wordpress.net/ | 
https://wordcamp.org/ , 
http://php.net , http://www.php.net/downloads.php | http://www.php.net/ChangeLog-5.php#5.6.19 | http://www.php.net/ChangeLog-5.php#5.5.33 | http://www.php.net/ChangeLog-7.php#7.0.4 | http://www.php.net/ChangeLog-5.php#5.6.18 | http://www.php.net/ChangeLog-5.php#5.5.32 | http://www.php.net/ChangeLog-7.php#7.0.3 | 
http://mysql.com , http://www.mysql.com/ | https://www.mysql.com/auth/login/?dest=http%3A%2F%2Fwww.mysql.com%2F | https://www.mysql.com/auth/register/ | http://dev.mysql.com/doc/ | http://dev.mysql.com/ | http://mysqlserverteam.com/upgrading-json-data-stored-in-text-columns/ | http://mysqlserverteam.com/indexing-json-documents-via-virtual-columns/ | http://www.oracle.com/us/legal/privacy/index.htm | http://www.oracle.com/us/legal/terms/index.html | http://www.oracle.com/us/legal/third-party-trademarks/index.html | http://www.oracle.com/technetwork/community/oca-486395.html | http://www.mysql.de/ | http://www.mysql.it/ | 
http://www.gnu.org/copyleft/gpl.html , http://www.fsf.org/fss | https://h-node.org/ | http://www.fsf.org | 
http://webstandards.org/ , http://interact.webstandards.org/curriculum/ | http://www.webstandards.org/2010/08/05/small-business-update/ | http://www.webstandards.org/2012/02/08/web-design-courses/ | http://www.webstandards.org/2009/05/11/interact-translations-and-localizations/ | http://www.webstandards.org/2013/03/01/our-work-here-is-done/ | http://en.wikipedia.org/wiki/Glenn_Davis_(web_design) | http://www.interactionbydesign.com/ | http://zeldman.com/ | http://a | http://interact.webstandards.org/ | http://www.w3.org/community/webed/ | http://html5doctor.com/ | http://www.w3.org/community/ | http://webstandardssherpa.com/ | http://www.webstandards.org/buzz/wasp-announcement/ | http://www.webstandards.org/2012/02/09/call-for-action-on-vendor-prefixes/ | http://www.webstandards.org/2011/12/15/an-end-to-aging-ie-installs/ | http://www.webstandards.org/2011/03/13/the-sherpas-are-here/ | http://jigsaw.w3.org/css-validator/check/referer | http://www.webstandards.org/feed/atom/ | 
http://en.wikipedia.org/wiki/WordPress , https://donate.wikimedia.org/wiki/Special:FundraiserRedirector?utm_source=donate&amp;utm_medium=sidebar&amp;utm_campaign=C13_en.wikipedia.org&amp;uselang=en | https://commons.wikimedia.org/wiki/Category:WordPress | https://en.wikibooks.org/wiki/The_Developer%27s_Guide_to_WordPress | https://www.mediawiki.org/wiki/Special:MyLanguage/How_to_contribute | 
https://codex.wordpress.org/History , http://jobs.wordpress.net/ | 
http://dd32.id.au/ , 
http://markjaquith.com/ , http://www.capitalism.org/ | http://en.wikipedia.org/wiki/Libertarianism | http://en.wikipedia.org/wiki/Florida | http://txfx.net/2012/01/09/why-i-am-an-atheist/ | http://instagram.com/p/mjM47EjuiY/ | http://a | http://coveredwebservices.com/ | http://en.wikipedia.org/wiki/FOSS | http://havebabyneedstuff.com/ | http://flickr.com/photos/markjaquith/ | https://www.facebook.com/photo.php?fbid=10101432367890081&amp;l=de8eb9fd91 | http://wordpress.org/ | 
http://nacin.com/ , https://nacin.com/ | http://www.rebeccarolfe.com/ | http://nacin.com/ | http://www.data.gov/ | https://m.whitehouse.gov/blog/2014/06/02/ostp-s-own-open-government-plan | http://www.nextgov.com/cio-briefing/2015/03/meet-digital-service-guru-whos-helping-new-recruits-navigate-federal-bureaucracy/107148/ | http://a | http://fcw.com/articles/2014/12/02/getting-started-at-usds.aspx | http://playbook.cio.gov | http://ma.tt/ | https://www.whitehouse.gov/blog/2015/03/19/president-obama-names-david-recordon-director-white-house-information-technology | http://www.washingtonpost.com/blogs/the-switch/wp/2014/09/04/white-house-names-googles-megan-smith-the-next-chief-technology-officer-of-the-united-states/ | https://www.whitehouse.gov/blog/2014/08/20/day-one-mikey-dickerson-us-digital-service-administrator | https://www.whitehouse.gov/blog/2015/02/18/white-house-names-dr-dj-patil-first-us-chief-data-scientist | https://www.whitehouse.gov/blog/2015/02/05/next-us-chief-information-officer | https://medium.com/@USDigitalService/why-i-joined-the-u-s-digital-service-24c6682afce2?source=latest | https://medium.com/@USDigitalService/mikey-dickerson-to-sxsw-why-we-need-you-in-government-f31dab3263a0 | http://www.whitehouse.gov/us-digital-service | https://www.whitehouse.gov/digital/united-states-digital-service | http://www.vox.com/2014/6/5/5783554/yes-poor-netflix-performance-is-verizons-fault | https://zyan.scripts.mit.edu/blog/wordpress-fail/ | http://wptavern.com/wordpress-com-security-vulnerability-stirs-debate-over-responsible-disclosure | https://core.trac.wordpress.org/query?milestone=4.0&amp;component=Security | http://opensourcebridge.org/ | https://wordpress.org/ | 
http://www.laptoptips.ca/ , 
http://boren.nu/ , 
http://www.field2.com/ , http://field2.com/about-us/ | http://field2.com/our-work/ | http://field2.com/blog/ | http://field2.com/contact-us/ | 
http://jenmylo.com/ , 
http://iammattthomas.com/ , 
http://blogwaffe.com/ , 
http://nikolay.bg/ , 
http://sergeybiryukov.ru/ , http://zenhabits.net/ | http://www.lifeoptimizer.org/ | http://sergeybiryukov.ru/ | http://www.livejournal.com/friends/add.bml?user=sergeybrkvrss | http://friendfeed.com/sergeybiryukov | http://twitter.com/SergeyBiryukov | http://a | http://30sleeps.com/blog/ | http://www.erinpavlina.com/ | http://personaldevelopment.ie/ | http://www.lifehack.org | http://www.scotthyoung.com/blog/ | http://www.stevepavlina.com/ | 
http://joncave.co.uk/ , http://joncave.co.uk | https://twitter.com/coinspect/status/494246121796276225 | https://github.com/vbuterin/pybitcointools | https://bitcoin.org/en/developer-guide#p2pkh-script-validation | https://bitcointalk.org/index.php?topic=260595.0 | https://blockexplorer.com/tx/791fe035d312dcf9196b48649a5c9a027198f623c0a5f5bd4cc311b8864dd0cf | http://rdist.root.org/2009/10/29/stop-using-unsafe-keyed-hashes-use-hmac/ | http://laravel.com | https://github.com/laravel/laravel/blob/749948bc9d4c5f84d7c5e3ff5443efc823168615/laravel/documentation/input.md#cookies | http://en.wikipedia.org/w/index.php?title=Laravel&amp;oldid=493491884 | https://github.com/zendframework/zf2/blob/bc94a43a6f6d9bb3f762bd2a76d84be9571c2328/library/Zend/Crypt/BlockCipher.php#L335 | https://stripe-ctf.com/about | http://en.wikipedia.org/wiki/Hash-based_message_authentication_code | https://gist.github.com/3544137 | http://www.vnsecurity.net/t/length-extension-attack/ | 
http://dominikschilling.de/ , 
http://josephscott.org/ , https://josephscott.org/ | https://en.wikipedia.org/wiki/Fuel_taxes_in_the_United_States | http://glinden.blogspot.com/2016/03/virtual-reality-hitting-mainstream-next.html | https://www.bizx.info/press/bizx-subsidiary-sourceforge-media-llc-acquires-slashdot-media | http://jvns.ca/ | http://jpmens.net/2016/03/05/a-shell-command-to-create-json-jo/ | https://www.gpo.gov/fdsys/pkg/STATUTE-80/pdf/STATUTE-80-Pg107.pdf | https://www.transportation.gov/regulations/time-act | http://tax.utah.gov/fuel/rates | https://wordpress.org/ | 
http://scotty-t.com/ , http://scotty-t.com/ | http://www.slideshare.net/ScottTaylor1 | https://github.com/WP-API/WP-API | https://scrutinizer-ci.com/ | https://github.com/WordPress/WordPress/blob/809baf442b0bd4aaedbbc06de8d6d14408a73d7b/wp-includes/template.php#L498 | http://en.wikipedia.org/wiki/HipHop_for_PHP | http://hacklang.org/ | http://hhvm.com/ | http://make.wordpress.org/core/ | https://core.trac.wordpress.org/ticket/28195 | https://twitter.com/koop | http://www.nytimes.com/ | http://gruntjs.com/ | http://nodejs.org/ | http://puppetlabs.com/puppet/what-is-puppet | http://requirejs.org/ | http://eightmedia.github.io/hammer.js/ | https://github.com/sockjs | http://backbonejs.org/ | http://a | http://en.wikipedia.org/wiki/Service_locator_pattern | http://pimple.sensiolabs.org/ | http://en.wikipedia.org/wiki/Dependency_injection | http://krugman.blogs.nytimes.com/ | https://wordpress.org/ | http://wordpress.org/ | 
http://ottodestruct.com/ , http://ottodestruct.com/ | http://ottopress.com | http://buyottoabeer.com | http://ipstenu.org/2013/you-me-and-wp/ | http://blog.ftwr.co.uk/ | http://mikelittle.org/wordpress-10th-anniversary/ | http://www.marriedtothesea.com | http://www.techdirt.com/articles/20120319/01045818152/pirate-bay-claims-its-going-to-host-site-via-drones-flying-over-international-waters.shtml | https://wordpress.org/ | http://wordpress.org/ | 
http://romanticrobot.net/ , http://romanticrobot.net/ | https://panopticlick.eff.org | https://wiki.mozilla.org/Fingerprinting | https://noscript.net/ | https://addons.mozilla.org/en-US/firefox/addon/foxreplace/ | http://www.washingtonpost.com/politics/prosecutor-accused-of-misconduct-in-disputed-texas-execution-case/2015/03/18/caa37050-cd77-11e4-8a46-b1dc9be5a8ff_story.html | http://x2.io | http://edwardsnowden.rocks | http://wordpress.org/ | 
